,pm25_ug_m3,temperature_mean_c,temperature_max_c,temperature_min_c,relative_humidity_pct,precipitation_mm,wind_speed_10m_m_s,surface_pressure_kpa,solar_all_sky_kwh_m2_day,solar_clear_sky_kwh_m2_day,clearness_index,ALLSKY_SFC_SW_DNI,ALLSKY_SFC_SW_DIFF
pm25_ug_m3,1.0,-0.1272627569355958,-0.132654099574509,-0.11606954542836713,-0.13912157656268284,0.021871651362584704,0.3924480085434521,0.1290685743829402,-0.24169132132916477,-0.08645872879994523,-0.2448504427606547,-0.30500658145721393,0.16870947045242266
temperature_mean_c,-0.1272627569355958,1.0,0.9815169008499286,0.9848778498695225,0.3201309066725323,0.08453706065398926,-0.2894696600271179,-0.6676279396350256,0.31365843557036377,0.5033664321163928,0.03123515153582761,0.02455970553306034,0.40004429572211925
temperature_max_c,-0.132654099574509,0.9815169008499286,1.0,0.9405567634401675,0.25273896408711244,0.06807256539083932,-0.32231218258848887,-0.668636083153052,0.3587305508927216,0.5121875370310641,0.08531825562428827,0.08196707831588217,0.38346155704200313
temperature_min_c,-0.11606954542836713,0.9848778498695225,0.9405567634401675,1.0,0.3674362595043535,0.09894162917466837,-0.24093167848726688,-0.6371690973130584,0.2585802947931841,0.46888488799268047,-0.014609608098255395,-0.02372441563679579,0.39238373640258667
relative_humidity_pct,-0.13912157656268284,0.3201309066725323,0.25273896408711244,0.3674362595043535,1.0,0.15257316979865654,0.038541125628335705,-0.27374515770980745,-0.19771660117430867,0.08874525814027164,-0.3437065807540806,-0.31933340732839827,0.10544886551929698
precipitation_mm,0.021871651362584704,0.08453706065398926,0.06807256539083932,0.09894162917466837,0.15257316979865654,1.0,0.07181477501971445,-0.17766511291135906,-0.10310069696236654,0.12966828988409063,-0.22023167612875072,-0.17526252936022632,0.05934563833450032
wind_speed_10m_m_s,0.3924480085434521,-0.2894696600271179,-0.32231218258848887,-0.24093167848726688,0.038541125628335705,0.07181477501971445,1.0,0.1858767559096351,-0.30466266464155944,-0.15789578446575253,-0.26916053427442155,-0.257802862163199,-0.06867069217178255
surface_pressure_kpa,0.1290685743829402,-0.6676279396350256,-0.668636083153052,-0.6371690973130584,-0.27374515770980745,-0.17766511291135906,0.1858767559096351,1.0,-0.19553771435158243,-0.52951698411945,0.12641561554399403,0.08530190165005606,-0.37996902382285774
solar_all_sky_kwh_m2_day,-0.24169132132916477,0.31365843557036377,0.3587305508927216,0.2585802947931841,-0.19771660117430867,-0.10310069696236654,-0.30466266464155944,-0.19553771435158243,1.0,0.6074352661811159,0.8191702272256901,0.7844548006982891,0.32840901034551584
solar_clear_sky_kwh_m2_day,-0.08645872879994523,0.5033664321163928,0.5121875370310641,0.46888488799268047,0.08874525814027164,0.12966828988409063,-0.15789578446575253,-0.52951698411945,0.6074352661811159,1.0,0.06827899347630928,0.10846905372692568,0.6381107762548962
clearness_index,-0.2448504427606547,0.03123515153582761,0.08531825562428827,-0.014609608098255395,-0.3437065807540806,-0.22023167612875072,-0.26916053427442155,0.12641561554399403,0.8191702272256901,0.06827899347630928,1.0,0.917482302994595,-0.05322861432599329
ALLSKY_SFC_SW_DNI,-0.30500658145721393,0.02455970553306034,0.08196707831588217,-0.02372441563679579,-0.31933340732839827,-0.17526252936022632,-0.257802862163199,0.08530190165005606,0.7844548006982891,0.10846905372692568,0.917482302994595,1.0,-0.26989838559050433
ALLSKY_SFC_SW_DIFF,0.16870947045242266,0.40004429572211925,0.38346155704200313,0.39238373640258667,0.10544886551929698,0.05934563833450032,-0.06867069217178255,-0.37996902382285774,0.32840901034551584,0.6381107762548962,-0.05322861432599329,-0.26989838559050433,1.0
